tot_accu_rate,tot_cer,app_1_accu_rate,app_1_cer,app_1_num_accu_rate,app_1_num_cer,app_2_accu_rate,app_2_cer,app_2_num_accu_rate,app_2_num_cer,app_3_accu_rate,app_3_cer,app_3_num_accu_rate,app_3_num_cer,all,type,n
0.6136363636363636,0.3170454318181818,0.75,0.2374188181818182,0.75,0.1878787727272727,0.38636363636363635,0.4785624318181818,0.6363636363636364,0.24053029545454546,0.45454545454545453,0.6083775681818183,0.45454545454545453,0.38446968181818186,0.09090909090909091,ios_screentime_name_clean,44
0.7272727272727273,0.13636363636363635,0.6363636363636364,0.29184704545454543,0.5,0.29318181818181815,0.5454545454545454,0.30719695454545454,0.5454545454545454,0.29545454545454547,0.6818181818181818,0.3032106818181819,0.5909090909090909,0.23863636363636365,0.2727272727272727,an_screentime_name_clean,22
0.9090909090909091,0.13636363636363635,0.8409090909090909,0.08396465909090908,0.7272727272727273,0.18030302272727272,0.75,0.26578281818181815,0.6363636363636364,0.26893938636363635,0.5454545454545454,0.42325888636363634,0.4772727272727273,0.46780302272727275,0.2727272727272727,ios_activation_name_clean,44
0.8181818181818182,0.14772727272727273,0.9545454545454546,0.005681818181818182,1.0,0.0,0.9545454545454546,0.0151515,1.0,0.0,0.9545454545454546,0.0151515,1.0,0.0,0.7272727272727273,an_activation_name_clean,22
0.5454545454545454,0.5189394318181817,0.7045454545454546,0.35795454545454547,0.5681818181818182,0.3318181818181818,0.4772727272727273,0.49032124999999993,0.5454545454545454,0.33333331818181816,0.4318181818181818,0.5587010454545455,0.5,0.4109848409090909,0.20454545454545456,ios_notification_name_clean,44
0.7727272727272727,0.22727272727272727,0.45454545454545453,0.3165404090909091,0.8181818181818182,0.12727272727272726,0.5,0.30270563636363634,0.8636363636363636,0.125,0.5454545454545454,0.49195163636363637,0.8181818181818182,0.125,0.3181818181818182,an_notification_name_clean,22
