tot_accu_rate,tot_cer,app_1_accu_rate,app_1_cer,app_1_num_accu_rate,app_1_num_cer,app_2_accu_rate,app_2_cer,app_2_num_accu_rate,app_2_num_cer,app_3_accu_rate,app_3_cer,app_3_num_accu_rate,app_3_num_cer,all,type,n
0.6136363636363636,0.3170454318181818,0.4772727272727273,0.3426677272727273,0.75,0.1878787727272727,0.2727272727272727,0.5260912727272727,0.6363636363636364,0.24053029545454546,0.3181818181818182,0.6551307727272727,0.45454545454545453,0.38446968181818186,0.0,ios_screentime,44
0.7272727272727273,0.13636363636363635,0.4090909090909091,0.3884379545454545,0.5,0.29318181818181815,0.36363636363636365,0.3981060454545455,0.5454545454545454,0.29545454545454547,0.6363636363636364,0.3259379545454546,0.5909090909090909,0.23863636363636365,0.045454545454545456,an_screentime,22
0.9090909090909091,0.13636363636363635,0.5454545454545454,0.1663960909090909,0.7272727272727273,0.18030302272727272,0.5227272727272727,0.32499095454545457,0.6363636363636364,0.26893938636363635,0.38636363636363635,0.46357272727272736,0.4772727272727273,0.46780302272727275,0.11363636363636363,ios_activation,44
0.8181818181818182,0.14772727272727273,0.9090909090909091,0.018668818181818182,1.0,0.0,0.9090909090909091,0.028138500000000004,1.0,0.0,0.9090909090909091,0.030303,1.0,0.0,0.7272727272727273,an_activation,22
0.5454545454545454,0.5189394318181817,0.36363636363636365,0.4602272727272727,0.5681818181818182,0.3318181818181818,0.2727272727272727,0.5667101363636363,0.5454545454545454,0.33333331818181816,0.3181818181818182,0.6237262954545454,0.5,0.4109848409090909,0.045454545454545456,ios_notification,44
0.7727272727272727,0.22727272727272727,0.36363636363636365,0.36037159090909093,0.8181818181818182,0.12727272727272726,0.3181818181818182,0.40430995454545454,0.8636363636363636,0.125,0.3181818181818182,0.6100671363636363,0.8181818181818182,0.125,0.2727272727272727,an_notification,22
